Article,Website,Location,Live URL,GMB Profile Link,Rank,Publish Date
Top 5 CLAT Coaching Institutes in Bhopal,Coaching Compare,Bhopal,https://coachingcompare.in/best-clat-coaching-in-bhopal,https://share.google/iBvBxzLHFnj1hiPP2,1,October 2026
Top 5 CLAT Coaching Institutes in Indore,Coaching Compare,Indore,https://coachingcompare.in/best-clat-coaching-in-indore,https://share.google/ED0rYhqahDJq7Bnma,1,October 2026
Top 5 CLAT Coaching Institutes in Jaipur,Coaching Compare,Jaipur,https://coachingcompare.in/best-clat-coaching-in-jaipur,https://share.google/LC36rWi0C3WuB2QXa,1,October 2026
Top 5 CLAT Coaching Institutes in Jodhpur,Coaching Compare,Jodhpur,https://coachingcompare.in/best-clat-coaching-in-jodhpur,https://share.google/AFNIZ70NVTMORpSep,1,October 2026
Top 5 CLAT Coaching Institutes in Lucknow,Coaching Compare,Lucknow,https://coachingcompare.in/best-clat-coaching-in-lucknow,https://share.google/ufSWsCTxaqVr1qQJo,1,October 2026
Top 5 CLAT Coaching Institutes in Nagpur,Coaching Compare,Nagpur,https://coachingcompare.in/best-clat-coaching-in-nagpur,https://share.google/9qMiEOuoQUmp0ZzsH,1,October 2026
Top 5 CLAT Coaching Institutes in Kanpur,Coaching Compare,Kanpur,https://coachingcompare.in/best-clat-coaching-in-kanpur,https://share.google/j1HJeoNkCcjAgEfyc,1,October 2026
Top 5 CLAT Coaching Institutes in Kolkata,Coaching Compare,Kolkata,https://coachingcompare.in/best-clat-coaching-in-kolkata,https://share.google/4grhrGESqAq3Vz1zA,1,October 2026
Top 5 CLAT Coaching Institutes in Chandigarh,Coaching Compare,Chandigarh,https://coachingcompare.in/best-clat-coaching-in-chandigarh,https://share.google/q6XWNyyJw8lZVykvW,1,October 2026
Top 5 CLAT Coaching Institutes in Mumbai,Coaching Compare,Mumbai,https://coachingcompare.in/best-clat-coaching-in-mumbai,https://share.google/LRgBHYziAYFdHy9dZ,1,October 2026
Top 5 CLAT Coaching Institutes in Hyderabad,Coaching Compare,Hyderabad,https://coachingcompare.in/best-clat-coaching-in-hyderabad,https://share.google/hoKlJko87zTHESBLj,1,October 2026
Top 5 CLAT Coaching Institutes in Bangalore,Coaching Compare,Bangalore,https://coachingcompare.in/best-clat-coaching-in-bangalore,https://share.google/mT0trGpfecwzaS41o,1,October 2026
Top 5 CLAT Coaching Institutes in Pune,Coaching Compare,Pune,https://coachingcompare.in/best-clat-coaching-in-pune,,1,October 2026
Top 5 CLAT Coaching Institutes in Varanasi,Coaching Compare,Varanasi,https://coachingcompare.in/best-clat-coaching-in-varanasi,,1,October 2026
Top 5 CLAT Coaching Institutes in Ahmedabad,Coaching Compare,Ahmedabad,https://coachingcompare.in/best-clat-coaching-in-ahmedabad,,1,October 2026
Top 5 CLAT Coaching Institutes in Dehradun,Coaching Compare,Dehradun,https://coachingcompare.in/best-clat-coaching-in-dehradun,,1,October 2026
Top 5 IPMAT Coaching Institutes in Bhopal,Coaching Compare,Bhopal,https://coachingcompare.in/best-ipmat-coaching-in-bhopal,https://share.google/BkdhdCzSNytqA2Nne,1,October 2026
Top 5 IPMAT Coaching Institutes in Indore,Coaching Compare,Indore,https://coachingcompare.in/best-ipmat-coaching-in-indore,https://share.google/PUDMopubEnnpSAI5Q,1,October 2026
Top 5 IPMAT Coaching Institutes in Jaipur,Coaching Compare,Jaipur,https://coachingcompare.in/best-ipmat-coaching-in-jaipur,https://share.google/IjteD2an6sYVDjBLi,1,October 2026
Top 5 IPMAT Coaching Institutes in Jodhpur,Coaching Compare,Jodhpur,https://coachingcompare.in/best-ipmat-coaching-in-jodhpur,https://share.google/gQA9MaoBgLkh8whl3,1,October 2026
Top 5 IPMAT Coaching Institutes in Lucknow,Coaching Compare,Lucknow,https://coachingcompare.in/best-ipmat-coaching-in-lucknow,https://share.google/2BcfYEliS2Mxs0TxS,1,October 2026
Top 5 IPMAT Coaching Institutes in Nagpur,Coaching Compare,Nagpur,https://coachingcompare.in/best-ipmat-coaching-in-nagpur,https://share.google/mvIYFqmsnXzPBmyqk,1,October 2026
Top 5 IPMAT Coaching Institutes in Kanpur,Coaching Compare,Kanpur,https://coachingcompare.in/best-ipmat-coaching-in-kanpur,https://share.google/tNyhIazb9qPwGReqR,1,October 2026
Top 5 IPMAT Coaching Institutes in Kolkata,Coaching Compare,Kolkata,https://coachingcompare.in/best-ipmat-coaching-in-kolkata,https://share.google/lZSHWtwCUPSwRPPcE,1,October 2026
Top 5 IPMAT Coaching Institutes in Chandigarh,Coaching Compare,Chandigarh,https://coachingcompare.in/best-ipmat-coaching-in-chandigarh,https://share.google/TLww9SHo8ekHuNIVU,1,October 2026
Top 5 IPMAT Coaching Institutes in Mumbai,Coaching Compare,Mumbai,https://coachingcompare.in/best-ipmat-coaching-in-mumbai,https://share.google/21VBgLaWwStvOqVEO,1,October 2026
Top 5 IPMAT Coaching Institutes in Hyderabad,Coaching Compare,Hyderabad,https://coachingcompare.in/best-ipmat-coaching-in-hyderabad,https://share.google/0flDHfUve7dtjZKIe,1,October 2026
Top 5 IPMAT Coaching Institutes in Bangalore,Coaching Compare,Bangalore,https://coachingcompare.in/best-ipmat-coaching-in-bangalore,https://share.google/6E6tvnin6B8mkdB14,1,October 2026
Top 5 IPMAT Coaching Institutes in Pune,Coaching Compare,Pune,https://coachingcompare.in/best-ipmat-coaching-in-pune,,1,October 2026
Top 5 IPMAT Coaching Institutes in Varanasi,Coaching Compare,Varanasi,https://coachingcompare.in/best-ipmat-coaching-in-varanasi,,1,October 2026
Top 5 IPMAT Coaching Institutes in Ahmedabad,Coaching Compare,Ahmedabad,https://coachingcompare.in/best-ipmat-coaching-in-ahmedabad,,1,October 2026
Top 5 IPMAT Coaching Institutes in Dehradun,Coaching Compare,Dehradun,https://coachingcompare.in/best-ipmat-coaching-in-dehradun,,1,October 2026
Top 5 CLAT Coaching Institutes in Bhopal,Education Market,Bhopal,,https://share.google/iBvBxzLHFnj1hiPP2,1,
Top 5 CLAT Coaching Institutes in Indore,Education Market,Indore,,https://share.google/ED0rYhqahDJq7Bnma,1,
Top 5 CLAT Coaching Institutes in Jaipur,Education Market,Jaipur,,https://share.google/LC36rWi0C3WuB2QXa,1,
Top 5 CLAT Coaching Institutes in Jodhpur,Education Market,Jodhpur,,https://share.google/AFNIZ70NVTMORpSep,1,
Top 5 CLAT Coaching Institutes in Lucknow,Education Market,Lucknow,,https://share.google/ufSWsCTxaqVr1qQJo,1,
Top 5 CLAT Coaching Institutes in Nagpur,Education Market,Nagpur,,https://share.google/9qMiEOuoQUmp0ZzsH,1,
Top 5 CLAT Coaching Institutes in Kanpur,Education Market,Kanpur,,https://share.google/j1HJeoNkCcjAgEfyc,1,
Top 5 CLAT Coaching Institutes in Kolkata,Education Market,Kolkata,,https://share.google/4grhrGESqAq3Vz1zA,1,
Top 5 CLAT Coaching Institutes in Chandigarh,Education Market,Chandigarh,,https://share.google/q6XWNyyJw8lZVykvW,1,
Top 5 CLAT Coaching Institutes in Mumbai,Education Market,Mumbai,,https://share.google/LRgBHYziAYFdHy9dZ,1,
Top 5 CLAT Coaching Institutes in Hyderabad,Education Market,Hyderabad,,https://share.google/hoKlJko87zTHESBLj,1,
Top 5 CLAT Coaching Institutes in Bangalore,Education Market,Bangalore,,https://share.google/mT0trGpfecwzaS41o,1,
Top 5 CLAT Coaching Institutes in Pune,Education Market,Pune,,,1,
Top 5 CLAT Coaching Institutes in Varanasi,Education Market,Varanasi,,,1,
Top 5 CLAT Coaching Institutes in Ahmedabad,Education Market,Ahmedabad,,,1,
Top 5 CLAT Coaching Institutes in Dehradun,Education Market,Dehradun,,,1,
Top 5 IPMAT Coaching Institutes in Bhopal,Education Market,Bhopal,,https://share.google/BkdhdCzSNytqA2Nne,1,
Top 5 IPMAT Coaching Institutes in Indore,Education Market,Indore,,https://share.google/PUDMopubEnnpSAI5Q,1,
Top 5 IPMAT Coaching Institutes in Jaipur,Education Market,Jaipur,,https://share.google/IjteD2an6sYVDjBLi,1,
Top 5 IPMAT Coaching Institutes in Jodhpur,Education Market,Jodhpur,,https://share.google/gQA9MaoBgLkh8whl3,1,
Top 5 IPMAT Coaching Institutes in Lucknow,Education Market,Lucknow,,https://share.google/2BcfYEliS2Mxs0TxS,1,
Top 5 IPMAT Coaching Institutes in Nagpur,Education Market,Nagpur,,https://share.google/mvIYFqmsnXzPBmyqk,1,
Top 5 IPMAT Coaching Institutes in Kanpur,Education Market,Kanpur,,https://share.google/tNyhIazb9qPwGReqR,1,
Top 5 IPMAT Coaching Institutes in Kolkata,Education Market,Kolkata,,https://share.google/lZSHWtwCUPSwRPPcE,1,
Top 5 IPMAT Coaching Institutes in Chandigarh,Education Market,Chandigarh,,https://share.google/TLww9SHo8ekHuNIVU,1,
Top 5 IPMAT Coaching Institutes in Mumbai,Education Market,Mumbai,,https://share.google/21VBgLaWwStvOqVEO,1,
Top 5 IPMAT Coaching Institutes in Hyderabad,Education Market,Hyderabad,,https://share.google/0flDHfUve7dtjZKIe,1,
Top 5 IPMAT Coaching Institutes in Bangalore,Education Market,Bangalore,,https://share.google/6E6tvnin6B8mkdB14,1,
Top 5 IPMAT Coaching Institutes in Pune,Education Market,Pune,,,1,
Top 5 IPMAT Coaching Institutes in Varanasi,Education Market,Varanasi,,,1,
Top 5 IPMAT Coaching Institutes in Ahmedabad,Education Market,Ahmedabad,,,1,
Top 5 IPMAT Coaching Institutes in Dehradun,Education Market,Dehradun,,,1,